{
  "baseline": {
    "model_name": "baseline_ridge",
    "mae_train": 518.611083984375,
    "mae_test": 405.56500244140625,
    "nmae_test": 0.22020715475082397
  },
  "lightgbm": {
    "model_name": "lightgbm",
    "mae_train": 102.10761352210122,
    "mae_test": 199.0448164132427,
    "nmae_test": 0.10807415142882186
  },
  "skill_score": 0.509215994439758
}