{
  "objective": "regression",
  "metric": "mae",
  "verbosity": -1,
  "num_leaves": 56,
  "learning_rate": 0.017416233884681186,
  "n_estimators": 800,
  "min_child_samples": 61,
  "subsample": 0.5692811385625849,
  "subsample_freq": 1,
  "colsample_bytree": 0.7110903478311911,
  "reg_alpha": 1.2582379955290146,
  "reg_lambda": 9.511410025208322,
  "random_state": 42
}