{
  "objective": "regression",
  "metric": "mae",
  "verbosity": -1,
  "num_leaves": 124,
  "learning_rate": 0.010475272852387465,
  "n_estimators": 800,
  "min_child_samples": 76,
  "subsample": 0.5153683387763532,
  "subsample_freq": 1,
  "colsample_bytree": 0.8016074902951483,
  "reg_alpha": 1.1028565365253924,
  "reg_lambda": 8.451300693892462,
  "random_state": 42
}