{
  "objective": "regression",
  "metric": "mae",
  "verbosity": -1,
  "num_leaves": 53,
  "learning_rate": 0.014158464472388848,
  "n_estimators": 800,
  "min_child_samples": 32,
  "subsample": 0.5319105564584845,
  "subsample_freq": 1,
  "colsample_bytree": 0.7290250717797375,
  "reg_alpha": 1.5708095637106323,
  "reg_lambda": 8.992742336956068,
  "random_state": 42
}