{
  "overall_nmae_baseline": 0.14636538922786713,
  "overall_nmae_lightgbm": 0.10312127506311397,
  "overall_nmae_frozen_lightgbm": 0.12419072206852383,
  "skill_score_vs_baseline": 0.29545314225502517,
  "retrain_benefit_vs_frozen": 0.1696539536486833,
  "n_rounds": 12,
  "forecast_horizon_steps": 16,
  "tuned_lgbm_params": {
    "objective": "regression",
    "metric": "mae",
    "verbosity": -1,
    "num_leaves": 124,
    "learning_rate": 0.010475272852387465,
    "n_estimators": 800,
    "min_child_samples": 76,
    "subsample": 0.5153683387763532,
    "subsample_freq": 1,
    "colsample_bytree": 0.8016074902951483,
    "reg_alpha": 1.1028565365253924,
    "reg_lambda": 8.451300693892462,
    "random_state": 42
  }
}